<?xml version="1.0" encoding="UTF-8"?>
<!DOCTYPE score-partwise PUBLIC "-//Recordare//DTD MusicXML 3.1 Partwise//EN" "http://www.musicxml.org/dtds/partwise.dtd">
<score-partwise version="3.1">
  <identification>
    <encoding>
      <software>MuseScore 3.6.2</software>
      <encoding-date>2022-11-19</encoding-date>
      <supports element="accidental" type="yes"/>
      <supports element="beam" type="yes"/>
      <supports element="print" attribute="new-page" type="yes" value="yes"/>
      <supports element="print" attribute="new-system" type="yes" value="yes"/>
      <supports element="stem" type="yes"/>
      </encoding>
    </identification>
  <defaults>
    <scaling>
      <millimeters>6.99911</millimeters>
      <tenths>40</tenths>
      </scaling>
    <page-layout>
      <page-height>1696.94</page-height>
      <page-width>1200.48</page-width>
      <page-margins type="even">
        <left-margin>85.7252</left-margin>
        <right-margin>85.7252</right-margin>
        <top-margin>85.7252</top-margin>
        <bottom-margin>85.7252</bottom-margin>
        </page-margins>
      <page-margins type="odd">
        <left-margin>85.7252</left-margin>
        <right-margin>85.7252</right-margin>
        <top-margin>85.7252</top-margin>
        <bottom-margin>85.7252</bottom-margin>
        </page-margins>
      </page-layout>
    <word-font font-family="Edwin" font-size="10"/>
    <lyric-font font-family="Edwin" font-size="10"/>
    </defaults>
  <part-list>
    <score-part id="P1">
      <part-name>Flöte</part-name>
      <part-abbreviation>Fl.</part-abbreviation>
      <score-instrument id="P1-I1">
        <instrument-name>Flöte</instrument-name>
        </score-instrument>
      <midi-device id="P1-I1" port="1"></midi-device>
      <midi-instrument id="P1-I1">
        <midi-channel>1</midi-channel>
        <midi-program>74</midi-program>
        <volume>78.7402</volume>
        <pan>0</pan>
        </midi-instrument>
      </score-part>
    </part-list>
  <part id="P1">
    <measure number="1" width="461.53">
      <print>
        <system-layout>
          <system-margins>
            <left-margin>50.00</left-margin>
            <right-margin>-0.00</right-margin>
            </system-margins>
          <top-system-distance>70.00</top-system-distance>
          </system-layout>
        </print>
      <attributes>
        <divisions>8</divisions>
        <key>
          <fifths>0</fifths>
          </key>
        <time symbol="common">
          <beats>4</beats>
          <beat-type>4</beat-type>
          </time>
        <clef>
          <sign>G</sign>
          <line>2</line>
          </clef>
        </attributes>
      <note>
        <rest/>
        <duration>16</duration>
        <voice>1</voice>
        <type>half</type>
        </note>
      <note>
        <rest/>
        <duration>8</duration>
        <voice>1</voice>
        <type>quarter</type>
        </note>
      <note default-x="243.04" default-y="-60.00">
        <pitch>
          <step>A</step>
          <octave>3</octave>
          </pitch>
        <duration>1</duration>
        <voice>1</voice>
        <type>32nd</type>
        <stem>down</stem>
        <beam number="1">begin</beam>
        <beam number="2">begin</beam>
        <beam number="3">begin</beam>
        <notations>
          <slur type="start" placement="above" number="1"/>
          </notations>
        </note>
      <note default-x="269.00" default-y="-45.00">
        <pitch>
          <step>D</step>
          <octave>4</octave>
          </pitch>
        <duration>1</duration>
        <voice>1</voice>
        <type>32nd</type>
        <stem>down</stem>
        <beam number="1">continue</beam>
        <beam number="2">continue</beam>
        <beam number="3">continue</beam>
        </note>
      <note default-x="298.45" default-y="-35.00">
        <pitch>
          <step>F</step>
          <alter>1</alter>
          <octave>4</octave>
          </pitch>
        <duration>1</duration>
        <voice>1</voice>
        <type>32nd</type>
        <accidental>sharp</accidental>
        <stem>down</stem>
        <beam number="1">continue</beam>
        <beam number="2">continue</beam>
        <beam number="3">continue</beam>
        </note>
      <note default-x="324.41" default-y="-25.00">
        <pitch>
          <step>A</step>
          <octave>4</octave>
          </pitch>
        <duration>1</duration>
        <voice>1</voice>
        <type>32nd</type>
        <stem>down</stem>
        <beam number="1">continue</beam>
        <beam number="2">continue</beam>
        <beam number="3">continue</beam>
        </note>
      <note default-x="350.36" default-y="-10.00">
        <pitch>
          <step>D</step>
          <octave>5</octave>
          </pitch>
        <duration>1</duration>
        <voice>1</voice>
        <type>32nd</type>
        <stem>down</stem>
        <beam number="1">continue</beam>
        <beam number="2">continue</beam>
        <beam number="3">continue</beam>
        </note>
      <note default-x="379.82" default-y="0.00">
        <pitch>
          <step>F</step>
          <alter>1</alter>
          <octave>5</octave>
          </pitch>
        <duration>1</duration>
        <voice>1</voice>
        <type>32nd</type>
        <accidental>sharp</accidental>
        <stem>down</stem>
        <beam number="1">continue</beam>
        <beam number="2">continue</beam>
        <beam number="3">continue</beam>
        </note>
      <note default-x="405.78" default-y="10.00">
        <pitch>
          <step>A</step>
          <octave>5</octave>
          </pitch>
        <duration>1</duration>
        <voice>1</voice>
        <type>32nd</type>
        <stem>down</stem>
        <beam number="1">end</beam>
        <beam number="2">end</beam>
        <beam number="3">end</beam>
        <notations>
          <slur type="stop" number="1"/>
          </notations>
        </note>
      <note print-object="no">
        <rest/>
        <duration>1</duration>
        <voice>1</voice>
        <type>32nd</type>
        </note>
      </measure>
    <measure number="2" width="290.28">
      <note default-x="47.49" default-y="-60.00">
        <pitch>
          <step>A</step>
          <alter>-1</alter>
          <octave>3</octave>
          </pitch>
        <duration>32</duration>
        <voice>1</voice>
        <type>whole</type>
        <accidental>flat</accidental>
        </note>
      <note default-x="47.49" default-y="-45.00">
        <chord/>
        <pitch>
          <step>D</step>
          <octave>4</octave>
          </pitch>
        <duration>32</duration>
        <voice>1</voice>
        <type>whole</type>
        </note>
      <note default-x="47.49" default-y="-35.00">
        <chord/>
        <pitch>
          <step>F</step>
          <alter>1</alter>
          <octave>4</octave>
          </pitch>
        <duration>32</duration>
        <voice>1</voice>
        <type>whole</type>
        <accidental>sharp</accidental>
        </note>
      <note default-x="47.49" default-y="-20.00">
        <chord/>
        <pitch>
          <step>B</step>
          <alter>-1</alter>
          <octave>4</octave>
          </pitch>
        <duration>32</duration>
        <voice>1</voice>
        <type>whole</type>
        <accidental>flat</accidental>
        </note>
      <note default-x="47.49" default-y="-10.00">
        <chord/>
        <pitch>
          <step>D</step>
          <octave>5</octave>
          </pitch>
        <duration>32</duration>
        <voice>1</voice>
        <type>whole</type>
        </note>
      <note default-x="47.49" default-y="0.00">
        <chord/>
        <pitch>
          <step>F</step>
          <alter>1</alter>
          <octave>5</octave>
          </pitch>
        <duration>32</duration>
        <voice>1</voice>
        <type>whole</type>
        <accidental>sharp</accidental>
        </note>
      <backup>
        <duration>32</duration>
        </backup>
      <note default-x="49.42" default-y="20.00">
        <pitch>
          <step>C</step>
          <alter>-1</alter>
          <octave>6</octave>
          </pitch>
        <duration>8</duration>
        <voice>2</voice>
        <type>quarter</type>
        <accidental>flat</accidental>
        <stem>up</stem>
        <notations>
          <slur type="start" placement="above" number="1"/>
          </notations>
        </note>
      <note default-x="115.13" default-y="30.00">
        <pitch>
          <step>E</step>
          <octave>6</octave>
          </pitch>
        <duration>16</duration>
        <voice>2</voice>
        <type>half</type>
        <stem>down</stem>
        <notations>
          <slur type="stop" number="1"/>
          <fermata type="upright" default-y="38.92" relative-y="5.00"/>
          </notations>
        </note>
      <note default-x="221.81" default-y="10.00">
        <pitch>
          <step>A</step>
          <octave>5</octave>
          </pitch>
        <duration>8</duration>
        <voice>2</voice>
        <type>quarter</type>
        <stem>down</stem>
        <notations>
          <slur type="start" placement="below" number="1"/>
          </notations>
        </note>
      <backup>
        <duration>32</duration>
        </backup>
      <note default-x="61.31" default-y="-55.00">
        <pitch>
          <step>B</step>
          <alter>-1</alter>
          <octave>3</octave>
          </pitch>
        <duration>32</duration>
        <voice>3</voice>
        <type>whole</type>
        <accidental>flat</accidental>
        </note>
      </measure>
    <measure number="3" width="226.89">
      <note default-x="37.38" default-y="-60.00">
        <pitch>
          <step>A</step>
          <alter>1</alter>
          <octave>3</octave>
          </pitch>
        <duration>32</duration>
        <voice>1</voice>
        <type>whole</type>
        <accidental>sharp</accidental>
        <notations>
          <slur type="stop" number="1"/>
          <fermata type="upright" default-y="33.74" relative-y="5.00"/>
          </notations>
        </note>
      <note default-x="37.38" default-y="-45.00">
        <chord/>
        <pitch>
          <step>D</step>
          <octave>4</octave>
          </pitch>
        <duration>32</duration>
        <voice>1</voice>
        <type>whole</type>
        </note>
      <note default-x="37.38" default-y="-35.00">
        <chord/>
        <pitch>
          <step>F</step>
          <alter>1</alter>
          <octave>4</octave>
          </pitch>
        <duration>32</duration>
        <voice>1</voice>
        <type>whole</type>
        <accidental>sharp</accidental>
        </note>
      <note default-x="37.38" default-y="-10.00">
        <chord/>
        <pitch>
          <step>D</step>
          <octave>5</octave>
          </pitch>
        <duration>32</duration>
        <voice>1</voice>
        <type>whole</type>
        </note>
      <note default-x="37.38" default-y="0.00">
        <chord/>
        <pitch>
          <step>F</step>
          <alter>1</alter>
          <octave>5</octave>
          </pitch>
        <duration>32</duration>
        <voice>1</voice>
        <type>whole</type>
        <accidental>sharp</accidental>
        </note>
      <note default-x="37.38" default-y="10.00">
        <chord/>
        <pitch>
          <step>A</step>
          <alter>1</alter>
          <octave>5</octave>
          </pitch>
        <duration>32</duration>
        <voice>1</voice>
        <type>whole</type>
        <accidental>sharp</accidental>
        </note>
      <note default-x="37.38" default-y="25.00">
        <chord/>
        <pitch>
          <step>D</step>
          <octave>6</octave>
          </pitch>
        <duration>32</duration>
        <voice>1</voice>
        <type>whole</type>
        </note>
      <barline location="right">
        <bar-style>light-heavy</bar-style>
        </barline>
      </measure>
    </part>
  </score-partwise>
